,word,positive
0,\bбезопасн+,True
1,\bмир+,True
2,\bсострада+,True
3,\bэмпат+,True
4,\bсочувств+,True
5,\bзабот+,True
6,\bзаботлив+,True
7,\bзащи+,True
8,\bщит+,True
9,\bприют+,True
10,\bдруж+,True
11,\bбезопасн+,True
12,\bвыгод+,True
13,\bзащи+,True
14,\bохран+,True
15,\bсохран+,True
16,\bвред+,False
17,\bущерб+,False
18,\bстрада+,False
19,\bвойн+,False
20,\bвойн+,False
21,\bвоин+,False
22,\bвоюющ+,False
23,\bвоинств+,False
24,\bагресс+,False
25,\bборьб+,False
26,\bссор+,False
27,\bконфликт+,False
28,\bвражд+,False
29,\bжесток+,False
30,\bранит+,False
31,\bстрадан+,False
32,\bуби+,False
33,\bуби+,False
34,\bубий+,False
35,\bубит+,False
36,\bубивающ+,False
37,\bподверга+,False
38,\bжесток+,False
39,\bжесток+,False
40,\bзлоупотребл+,False
41,\bповрежд+,False
42,\bруин+,False
43,\b разруш+,False
44,\bопустош+,False
45,\bущерб+,False
46,\bраздав+,False
47,\bатак+,False
48,\bуничтож+,False
49,\bразруш+,False
50,\bтоп+,False
51,\bпокинут+,False
52,\b покида+,False
53,\bотвергн+,False
54,\bослабл+,False
55,\bэксплуатац+,False
56,\bэксплуатир+,False
57,\bэксплуатат+,False
58,\bранит+,False
59,\bранен+,False
60,\bрана\b,False
61,\bраны\b,False
62,\bсправедлив+,True
63,\bсправедлив+,True
64,\bсправедлив+,True
65,\bсправедлив+,True
66,\bсправедлив+,True
67,\bсправедлив+,True
68,\bравенств+,True
69,\bправосуд+,True
70,\bправомерн+,True
71,\bоправд+,True
72,\bвзаимн+,True
73,\bнепредвзят+,True
74,\bравноправ+,True
75,\b эгалитарн+,True
76,\bправа+,True
77,\b прав\b,True
78,\bбеспристраст+,True
79,\bравномерн+,True
80,\bэквивалент+,True
81,\bобъективн+,True
82,\bтолерантн+,True
83,\bуравновешенн+,True
84,\bуравновешенн+,True
85,\bгомологич+,True
86,\bнепредубежден+,True
87,\bразумн+,True
88,\b благоразумн+,True
89,\bпостоянн+,True
90,\bчестн+,True
91,\b искренн+,True
92,\bбесчестн+,False
93,\bнеравенств+,False
94,\bнеобъективн+,False
95,\bнесправедлив+,False
96,\bнесправедлив+,False
97,\bфанати+,False
98,\bдискримин+,False
99,\bнесоразмерн+,False
100,\bпристрастн+,False
101,\bпредубежд+,False
102,\b стереотип+,False
103,\bнечестн+,False
104,\bнедобросовест+,False
105,\b бессовест+,False
106,\bразобщ+,False
107,\bпредпочтен+,False
108,\bфаворитизм+,False
109,\bсегрег+,False
110,\b обособлен+,False
111,\bотчужд+,False
112,\bисключа+,False
113,\bвместе\b,True
114,\b сообща\b,True
115,\bнационал+,True
116,\bродина\b,True
117,\b родины\b,True
118,\b родине\b,True
119,\b родину\b,True
120,\b родино+,True
121,\b отечеств+,True
122,\bсемья\b,True
123,\b семьи\b,True
124,\b семье+,True
125,\b семью\b,True
126,\bсемьи\b,True
127,\b семей\b,True
128,\b семьям+,True
129,\bсемей+,True
130,\bгрупп+,True
131,\bверност+,True
132,\bпатриот+,True
133,\bобщественн+,True
134,\bобщин+,True
135,\b\b,True
136,\bкоммуна\b,True
137,\b коммуны\b,True
138,\b коммуне\b,True
139,\b коммуну\b,True
140,\b коммуной\b,True
141,\b коммуною\b,True
142,\b коммуне\b,True
143,\b коммун\b,True
144,\b коммунам\b,True
145,\b коммунами\b,True
146,\b коммунах\b,True
147,\bкоммунизм+,True
148,\b коммунист+,True
149,\bтоварищ+,True
150,\bколлектив+,True
151,\bсовместн+,True
152,\bсогласн+,True
153,\b союз+,True
154,\bобъедин+,True
155,\bбратст+,True
156,\bгильд+,True
157,\bсолидар+,True
158,\b сплочен+,True
159,\bпреданн+,True
160,\bучастн+,True
161,\bклик+,True
162,\bкогорт+,True
163,\bсоюзн+,True
164,\bинсайдер+,True
165,\bчуж+,False
166,\bвраг+,False
167,\b враж+,False
168,\bпредат+,False
169,\bизмен+,False
170,\bпредат+,False
171,\b измен+,False
172,\bверолом+,False
173,\bнелоял+,False
174,\bиндивид+,False
175,\bотступничеств+,False
176,\bотступни+,False
177,\bзаброшенн+,False
178,\bдезертир+,False
179,\bдезертирств+,False
180,\bобман+,False
181,\bброс+,False
182,\b брошенн+,False
183,\bсамозван+,False
184,\bнегодя+,False
185,\bшрион+,False
186,\bсеквест+,False
187,\b изолирован+,False
188,\bотступни+,False
189,\bтеррори+,False
190,\bиммигра+,False
191,\b иммигрир+,False
192,\bподчин+,True
193,\bпослуш+,True
194,\b покорн+,True
195,\bдолг+,True
196,\bзакон+,True
197,\bзаконн+,True
198,\bлегальн+,True
199,\bобязанност+,True
200,\b послушн+,True
201,\bчест+,True
202,\b почет+,True
203,\b заслуж+,True
204,\bуважа+,True
205,\bуважительн+,True
206,\bуважаем+,True
207,\bуважа+,True
208,\bпоряд+,True
209,\bотец\b,True
210,\b отц+,True
211,\bмат+,True
212,\b матер+,True
213,\bпо-матерински\b,True
214,\bматеринств+,True
215,\bматер+,True
216,\bтрадиц+,True
217,\bиерарх+,True
218,\bвласт+,True
219,\b авторит+,True
220,\bразреш+,True
221,\bразрешен+,True
222,\bстатус+,True
223,\bрейтинг+,True
224,\b классифици+,True
225,\bлидер+,True
226,\bкласс+,True
227,\bбуржуази+,True
228,\bкаст+,True
229,\bпозици+,True
230,\b позиционир+,True
231,\bсогласи+,True
232,\b послушн+,True
233,\bкоманд+,True
234,\bпревосходств+,True
235,\bконтрол+,True
236,\bразмести+,True
237,\b подчинени+,True
238,\bверн+,True
239,\bобслуж+,True
240,\bсоблюда+,True
241,\bпочтени+,True
242,\b почтительн+,True
243,\bотлож+,True
244,\b откладыва+,True
245,\bпочита+,True
246,\b почтени+,True
247,\b благогове+,True
248,\bпочита+,True
249,\b почтени+,True
250,\bисполня+,True
251,\bдерзк+,False
252,\bбунтар+,False
253,\bнесоглас+,False
254,\bподрывн+,False
255,\bнеуважительн+,False
256,\bнепослушн+,False
257,\bмятежн+,False
258,\bвзволнованн+,False
259,\bнепослушн+,False
260,\bнезаконн+,False
261,\bбеззаконн+,False
262,\bмятежни+,False
263,\bмятежн+,False
264,\bпренебрегающ+,False
265,\bдиссидент+,False
266,\bневерн+,False
267,\bотчужда+,False
268,\bперебежчи+,False
269,\bерети+,False
270,\bнонконформист+,False
271,\bпротивостоя+,False
272,\bпротест+,False
273,\bмусор+,False
274,\bденонсирова+,False
275,\bвозража+,False
276,\bбунт+,False
277,\bпрепятств+,False
278,\bблагочести+,True
279,\bблагочестив+,True
280,\bчистот+,True
281,\bчист+,True
282,\bчист+,True
283,\bстерильн+,True
284,\bсвященн+,True
285,\bцеломудренн+,True
286,\bсвят+,True
287,\bсвятост+,True
288,\bсвят+,True
289,\bполезн+,True
290,\bцеломудренн+,True
291,\bвоздержан+,True
292,\bдевственни+,True
293,\bдевственни+,True
294,\bдевственност+,True
295,\bдевственн+,True
296,\bстрогост+,True
297,\bчестност+,True
298,\bскромност+,True
299,\bвоздерживающ+,True
300,\bвоздержанност+,True
301,\bвертикально\b,True
302,\bпрозрачн+,True
303,\bчист+,True
304,\bдев+,True
305,\bдобродетельн+,True
306,\bизысканн+,True
307,\bприличн+,True
308,\bбезупречн+,True
309,\bневинн+,True
310,\bпервозданн+,True
311,\bцерков+,True
312,\b церкви\b,True
313,\bотвращени+,False
314,\b отвратительн+,False
315,\bразвра+,False
316,\bболезн+,False
317,\bнечист+,False
318,\bзараз+,False
319,\b зараж+,False
320,\bнеприличн+,False
321,\bгрех+,False
322,\bгрешн+,False
323,\bгрешни+,False
324,\bгрехи\b,False
325,\bсогрешивш+,False
326,\bгреш+,False
327,\bшлюх+,False
328,\bшлюх+,False
329,\bгряз+,False
330,\bнепочтительност+,False
331,\bнечестив+,False
332,\bнечестив+,False
333,\b ненормативн+,False
334,\bгруб+,False
335,\bотпор+,False
336,\bболь+,False
337,\bбеспорядочн+,False
338,\bнепристойн+,False
339,\bфальсификац+,False
340,\b фальсифицированн+,False
341,\bразвра+,False
342,\bоскверн+,False
343,\bбродяг+,False
344,\b брод+,False
345,\bпроститутка\b,False
346,\bнецеломудренн+,False
347,\bнесдержанн+,False
348,\bбессмысленн+,False
349,\bрасточитель+,False
350,\bгряз+,False
351,\bдрянн+,False
352,\bнепристойн+,False
353,\bслаб+,False
354,\bпортит+,False
355,\b испорч+,False
356,\bпятн+,False
357,\bтускне+,False
358,\b потускне+,False
359,\bунизи+,False
360,\b униж+,False
361,\bоскверн+,False
362,\bзло+,False
363,\b злю+,False
364,\b зла+,False
365,\b злу\b,False
366,\bпорок+,False
367,\b порочн+,False
368,\bэксплуата+,False
369,\bизвращен+,False
370,\bнесчаст+,False
