,word,positive
0,\bбезопасн+,True
1,\bмир+,True
2,\bсострада+,True
3,\bэмпат+,True
4,\bсочувств+,True
5,\bзабот+,True
6,\bзаботлив+,True
7,\bзащи+,True
8,\bщит+,True
9,\bприют+,True
10,\bдруж+,True
12,\bвыгод+,True
14,\bохран+,True
15,\bсохран+,True
16,\bвред+,False
17,\bстрада+,False
18,\bвойн+,False
20,\bвоин+,False
21,\bвоюющ+,False
22,\bборьб+,False
23,\bжесток+,False
24,\bранит+,False
25,\bуби+,False
27,\bубий+,False
28,\bубит+,False
29,\bубивающ+,False
30,\bподверга+,False
33,\bзлоупотребл+,False
34,\bповрежд+,False
35,\bруин+,False
36,\bопустош+,False
37,\bущерб+,False
38,\bраздав+,False
39,\bатак+,False
40,\bуничтож+,False
41,\bразруш+,False
42,\bтоп+,False
43,\bпокинут+,False
44,\bотвергн+,False
45,\bослабл+,False
46,\bэксплуатац+,False
47,\bэксплуатир+,False
48,\bэксплуатат+,False
50,\bсправедлив+,True
56,\bравенств+,True
57,\bправосуд+,True
58,\bправомерн+,True
59,\bоправд+,True
60,\bвзаимн+,True
61,\bнепредвзят+,True
62,\bравноправ+,True
63,\bправа+,True
64,\bбеспристраст+,True
65,\bравномерн+,True
66,\bэквивалент+,True
67,\bобъективн+,True
68,\bтолерантн+,True
69,\bуравновешенн+,True
71,\bгомологич+,True
72,\bнепредубежден+,True
73,\bразумн+,True
74,\bпостоянн+,True
75,\bчестн+,True
76,\bбесчестн+,False
77,\bнеравенств+,False
78,\bнеобъективн+,False
79,\bнесправедлив+,False
81,\bфанати+,False
82,\bдискримин+,False
83,\bнесоразмерн+,False
84,\bпристрастн+,False
85,\bпредубежд+,False
86,\bнечестн+,False
87,\bнедобросовест+,False
88,\bразобщ+,False
89,\bпредпочтен+,False
90,\bфаворитизм+,False
91,\bсегрег+,False
92,\bотчужд+,False
93,\bисключа+,False
94,\bвместе\b,True
95,\bнационал+,True
96,\bродина\b,True
97,\bсемья\b,True
98,\bсемьи\b,True
99,\bсемей+,True
100,\bгрупп+,True
101,\bверност+,True
102,\bпатриот+,True
103,\bобщественн+,True
104,\bобщин+,True
105,\bкоммуна\b,True
106,\bкоммунизм+,True
107,\bтоварищ+,True
108,\bколлектив+,True
109,\bсовместн+,True
110,\bсогласн+,True
111,\bобъедин+,True
112,\bбратст+,True
113,\bгильд+,True
114,\bсолидар+,True
115,\bпреданн+,True
116,\bучастн+,True
117,\bклик+,True
118,\bкогорт+,True
119,\bсоюзн+,True
120,\bинсайдер+,True
121,\bчуж+,False
122,\bвраг+,False
123,\bпредат+,False
124,\bизмен+,False
126,\bверолом+,False
127,\bнелоял+,False
128,\bиндивид+,False
129,\bотступничеств+,False
130,\bотступни+,False
131,\bзаброшенн+,False
132,\bдезертир+,False
133,\bдезертирств+,False
134,\bобман+,False
135,\bброс+,False
136,\bсамозван+,False
137,\bнегодя+,False
138,\bшрион+,False
139,\bсеквест+,False
141,\bтеррори+,False
142,\bиммигра+,False
143,\bподчин+,True
144,\bпослуш+,True
145,\bдолг+,True
146,\bзакон+,True
147,\bзаконн+,True
148,\bлегальн+,True
149,\bобязанност+,True
150,\bчест+,True
151,\bуважа+,True
152,\bуважительн+,True
153,\bуважаем+,True
155,\bпоряд+,True
156,\bотец\b,True
157,\bмат+,True
158,\bпо-матерински\b,True
159,\bматеринств+,True
160,\bматер+,True
161,\bтрадиц+,True
162,\bиерарх+,True
163,\bвласт+,True
164,\bразреш+,True
165,\bразрешен+,True
166,\bстатус+,True
167,\bрейтинг+,True
168,\bлидер+,True
169,\bкласс+,True
170,\bбуржуази+,True
171,\bкаст+,True
172,\bпозици+,True
173,\bсогласи+,True
174,\bкоманд+,True
175,\bпревосходств+,True
176,\bконтрол+,True
177,\bразмести+,True
178,\bверн+,True
179,\bобслуж+,True
180,\bсоблюда+,True
181,\bпочтени+,True
182,\bотлож+,True
183,\bпочита+,True
185,\bисполня+,True
186,\bдерзк+,False
187,\bбунтар+,False
188,\bнесоглас+,False
189,\bподрывн+,False
190,\bнеуважительн+,False
191,\bнепослушн+,False
192,\bмятежн+,False
193,\bвзволнованн+,False
195,\bнезаконн+,False
196,\bбеззаконн+,False
197,\bмятежни+,False
199,\bпренебрегающ+,False
200,\bдиссидент+,False
201,\bневерн+,False
202,\bотчужда+,False
203,\bперебежчи+,False
204,\bерети+,False
205,\bнонконформист+,False
206,\bпротивостоя+,False
207,\bпротест+,False
208,\bмусор+,False
209,\bденонсирова+,False
210,\bвозража+,False
211,\bбунт+,False
212,\bпрепятств+,False
213,\bблагочести+,True
214,\bблагочестив+,True
215,\bчистот+,True
216,\bчист+,True
218,\bстерильн+,True
219,\bсвященн+,True
220,\bцеломудренн+,True
221,\bсвят+,True
222,\bсвятост+,True
224,\bполезн+,True
226,\bвоздержан+,True
227,\bдевственни+,True
229,\bдевственност+,True
230,\bдевственн+,True
231,\bстрогост+,True
232,\bчестност+,True
233,\bскромност+,True
234,\bвоздерживающ+,True
235,\bвоздержанност+,True
236,\bвертикально\b,True
237,\bпрозрачн+,True
239,\bдев+,True
240,\bдобродетельн+,True
241,\bизысканн+,True
242,\bприличн+,True
243,\bбезупречн+,True
244,\bневинн+,True
245,\bпервозданн+,True
246,\bцерков+,True
247,\bотвращени+,False
248,\bразвра+,False
249,\bболезн+,False
250,\bнечист+,False
251,\bзараз+,False
252,\bнеприличн+,False
253,\bгрех+,False
254,\bгрешн+,False
255,\bгрешни+,False
256,\bгрехи\b,False
257,\bсогрешивш+,False
258,\bгреш+,False
259,\bшлюх+,False
261,\bгряз+,False
262,\bнепочтительност+,False
263,\bнечестив+,False
265,\bгруб+,False
266,\bотпор+,False
267,\bболь+,False
268,\bбеспорядочн+,False
269,\bнепристойн+,False
270,\bфальсификац+,False
272,\bоскверн+,False
273,\bбродяг+,False
274,\bпроститутка\b,False
275,\bнецеломудренн+,False
276,\bнесдержанн+,False
277,\bбессмысленн+,False
278,\bрасточитель+,False
280,\bдрянн+,False
282,\bслаб+,False
283,\bпортит+,False
284,\bпятн+,False
285,\bтускне+,False
286,\bунизи+,False
288,\bзло+,False
289,\bпорок+,False
290,\bэксплуата+,False
291,\bизвращен+,False
292,\bнесчаст+,False
293,\bправедн+,True
294,\bморал+,True
295,\bэтичн+,True
296,\bценн+,True
298,\bхорош+,True
299,\bдобр+,True
300,\bпринцип+,True
302,\bобразцов+,True
303,\bурок+,True
304,\bканон+,True
305,\bдоктрин+,True
306,\bблагородн+,True
308,\bидеал+,True
309,\bпохвальн+,True
311,\bхарактер+,True
312,\bправильн+,True
315,\bнеправильн+,False
317,\bаморал+,False
318,\bплох+,False
319,\bобиде+,False
320,\bоскорбительн+,False
321,\bнаруша+,True
323,\bвоинств+,False
324,\bссор+,False
325,\bстрадан+,False
327,\bпокида+,False
328,\bранен+,False
329,\bэгалитарн+,True
330,\bправ\b,True
331,\bблагоразумн+,True
332,\bискренн+,True
333,\bстереотип+,False
334,\bбессовест+,False
335,\bобособлен+,False
336,\bсообща\b,True
337,\bродины\b,True
339,\bсемей\b,True
340,\bкоммуны\b,True
341,\bкоммунист+,True
342,\bсоюз+,True
343,\bсплочен+,True
344,\bвраж+,False
346,\bброшенн+,False
347,\bизолирован+,False
348,\bиммигрир+,False
349,\bпокорн+,True
350,\bпослушн+,True
351,\bпочет+,True
352,\bотц+,True
354,\bавторит+,True
355,\bклассифици+,True
356,\bпозиционир+,True
358,\bподчинени+,True
359,\bпочтительн+,True
360,\bоткладыва+,True
363,\bцеркви\b,True
364,\bотвратительн+,False
365,\bзараж+,False
366,\bненормативн+,False
367,\bфальсифицированн+,False
368,\bброд+,False
369,\bиспорч+,False
370,\bпотускне+,False
371,\bуниж+,False
372,\bзлю+,False
373,\bпорочн+,False
375,\bобиж+,False
376,\bпроступ+,True
377,\bагресс+,False
378,\bконфликт+,False
379,\bрана\b,False
380,\bродине\b,True
381,\bсемье+,True
382,\bсемьям+,True
383,\bкоммуне\b,True
384,\bзаслуж+,True
385,\bблагогове+,True
386,\bзла+,False
388,\bвражд+,False
389,\bраны\b,False
390,\bродину\b,True
391,\bсемью\b,True
392,\bкоммуну\b,True
393,\bзлу\b,False
395,\bродино+,True
396,\bкоммуной\b,True
397,\bотечеств+,True
398,\bкоммуною\b,True
400,\bкоммун\b,True
401,\bкоммунам\b,True
402,\bкоммунами\b,True
403,\bкоммунах\b,True
0,\bбезопасн+,True
1,\bмир+,True
2,\bсострада+,True
3,\bэмпат+,True
4,\bсочувств+,True
5,\bзабот+,True
6,\bзаботлив+,True
7,\bзащи+,True
8,\bщит+,True
9,\bприют+,True
10,\bдруж+,True
11,\bбезопасн+,True
12,\bвыгод+,True
13,\bзащи+,True
14,\bохран+,True
15,\bсохран+,True
16,\bвред+,False
17,\bущерб+,False
18,\bстрада+,False
19,\bвойн+,False
20,\bвойн+,False
21,\bвоин+,False
22,\bвоюющ+,False
23,\bвоинств+,False
24,\bагресс+,False
25,\bборьб+,False
26,\bссор+,False
27,\bконфликт+,False
28,\bвражд+,False
29,\bжесток+,False
30,\bранит+,False
31,\bстрадан+,False
32,\bуби+,False
33,\bуби+,False
34,\bубий+,False
35,\bубит+,False
36,\bубивающ+,False
37,\bподверга+,False
38,\bжесток+,False
39,\bжесток+,False
40,\bзлоупотребл+,False
41,\bповрежд+,False
42,\bруин+,False
43,\b разруш+,False
44,\bопустош+,False
45,\bущерб+,False
46,\bраздав+,False
47,\bатак+,False
48,\bуничтож+,False
49,\bразруш+,False
50,\bтоп+,False
51,\bпокинут+,False
52,\b покида+,False
53,\bотвергн+,False
54,\bослабл+,False
55,\bэксплуатац+,False
56,\bэксплуатир+,False
57,\bэксплуатат+,False
58,\bранит+,False
59,\bранен+,False
60,\bрана\b,False
61,\bраны\b,False
62,\bсправедлив+,True
63,\bсправедлив+,True
64,\bсправедлив+,True
65,\bсправедлив+,True
66,\bсправедлив+,True
67,\bсправедлив+,True
68,\bравенств+,True
69,\bправосуд+,True
70,\bправомерн+,True
71,\bоправд+,True
72,\bвзаимн+,True
73,\bнепредвзят+,True
74,\bравноправ+,True
75,\b эгалитарн+,True
76,\bправа+,True
77,\b прав\b,True
78,\bбеспристраст+,True
79,\bравномерн+,True
80,\bэквивалент+,True
81,\bобъективн+,True
82,\bтолерантн+,True
83,\bуравновешенн+,True
84,\bуравновешенн+,True
85,\bгомологич+,True
86,\bнепредубежден+,True
87,\bразумн+,True
88,\b благоразумн+,True
89,\bпостоянн+,True
90,\bчестн+,True
91,\b искренн+,True
92,\bбесчестн+,False
93,\bнеравенств+,False
94,\bнеобъективн+,False
95,\bнесправедлив+,False
96,\bнесправедлив+,False
97,\bфанати+,False
98,\bдискримин+,False
99,\bнесоразмерн+,False
100,\bпристрастн+,False
101,\bпредубежд+,False
102,\b стереотип+,False
103,\bнечестн+,False
104,\bнедобросовест+,False
105,\b бессовест+,False
106,\bразобщ+,False
107,\bпредпочтен+,False
108,\bфаворитизм+,False
109,\bсегрег+,False
110,\b обособлен+,False
111,\bотчужд+,False
112,\bисключа+,False
113,\bвместе\b,True
114,\b сообща\b,True
115,\bнационал+,True
116,\bродина\b,True
117,\b родины\b,True
118,\b родине\b,True
119,\b родину\b,True
120,\b родино+,True
121,\b отечеств+,True
122,\bсемья\b,True
123,\b семьи\b,True
124,\b семье+,True
125,\b семью\b,True
126,\bсемьи\b,True
127,\b семей\b,True
128,\b семьям+,True
129,\bсемей+,True
130,\bгрупп+,True
131,\bверност+,True
132,\bпатриот+,True
133,\bобщественн+,True
134,\bобщин+,True
135,\b\b,True
136,\bкоммуна\b,True
137,\b коммуны\b,True
138,\b коммуне\b,True
139,\b коммуну\b,True
140,\b коммуной\b,True
141,\b коммуною\b,True
142,\b коммуне\b,True
143,\b коммун\b,True
144,\b коммунам\b,True
145,\b коммунами\b,True
146,\b коммунах\b,True
147,\bкоммунизм+,True
148,\b коммунист+,True
149,\bтоварищ+,True
150,\bколлектив+,True
151,\bсовместн+,True
152,\bсогласн+,True
153,\b союз+,True
154,\bобъедин+,True
155,\bбратст+,True
156,\bгильд+,True
157,\bсолидар+,True
158,\b сплочен+,True
159,\bпреданн+,True
160,\bучастн+,True
161,\bклик+,True
162,\bкогорт+,True
163,\bсоюзн+,True
164,\bинсайдер+,True
165,\bчуж+,False
166,\bвраг+,False
167,\b враж+,False
168,\bпредат+,False
169,\bизмен+,False
170,\bпредат+,False
171,\b измен+,False
172,\bверолом+,False
173,\bнелоял+,False
174,\bиндивид+,False
175,\bотступничеств+,False
176,\bотступни+,False
177,\bзаброшенн+,False
178,\bдезертир+,False
179,\bдезертирств+,False
180,\bобман+,False
181,\bброс+,False
182,\b брошенн+,False
183,\bсамозван+,False
184,\bнегодя+,False
185,\bшрион+,False
186,\bсеквест+,False
187,\b изолирован+,False
188,\bотступни+,False
189,\bтеррори+,False
190,\bиммигра+,False
191,\b иммигрир+,False
192,\bподчин+,True
193,\bпослуш+,True
194,\b покорн+,True
195,\bдолг+,True
196,\bзакон+,True
197,\bзаконн+,True
198,\bлегальн+,True
199,\bобязанност+,True
200,\b послушн+,True
201,\bчест+,True
202,\b почет+,True
203,\b заслуж+,True
204,\bуважа+,True
205,\bуважительн+,True
206,\bуважаем+,True
207,\bуважа+,True
208,\bпоряд+,True
209,\bотец\b,True
210,\b отц+,True
211,\bмат+,True
212,\b матер+,True
213,\bпо-матерински\b,True
214,\bматеринств+,True
215,\bматер+,True
216,\bтрадиц+,True
217,\bиерарх+,True
218,\bвласт+,True
219,\b авторит+,True
220,\bразреш+,True
221,\bразрешен+,True
222,\bстатус+,True
223,\bрейтинг+,True
224,\b классифици+,True
225,\bлидер+,True
226,\bкласс+,True
227,\bбуржуази+,True
228,\bкаст+,True
229,\bпозици+,True
230,\b позиционир+,True
231,\bсогласи+,True
232,\b послушн+,True
233,\bкоманд+,True
234,\bпревосходств+,True
235,\bконтрол+,True
236,\bразмести+,True
237,\b подчинени+,True
238,\bверн+,True
239,\bобслуж+,True
240,\bсоблюда+,True
241,\bпочтени+,True
242,\b почтительн+,True
243,\bотлож+,True
244,\b откладыва+,True
245,\bпочита+,True
246,\b почтени+,True
247,\b благогове+,True
248,\bпочита+,True
249,\b почтени+,True
250,\bисполня+,True
251,\bдерзк+,False
252,\bбунтар+,False
253,\bнесоглас+,False
254,\bподрывн+,False
255,\bнеуважительн+,False
256,\bнепослушн+,False
257,\bмятежн+,False
258,\bвзволнованн+,False
259,\bнепослушн+,False
260,\bнезаконн+,False
261,\bбеззаконн+,False
262,\bмятежни+,False
263,\bмятежн+,False
264,\bпренебрегающ+,False
265,\bдиссидент+,False
266,\bневерн+,False
267,\bотчужда+,False
268,\bперебежчи+,False
269,\bерети+,False
270,\bнонконформист+,False
271,\bпротивостоя+,False
272,\bпротест+,False
273,\bмусор+,False
274,\bденонсирова+,False
275,\bвозража+,False
276,\bбунт+,False
277,\bпрепятств+,False
278,\bблагочести+,True
279,\bблагочестив+,True
280,\bчистот+,True
281,\bчист+,True
282,\bчист+,True
283,\bстерильн+,True
284,\bсвященн+,True
285,\bцеломудренн+,True
286,\bсвят+,True
287,\bсвятост+,True
288,\bсвят+,True
289,\bполезн+,True
290,\bцеломудренн+,True
291,\bвоздержан+,True
292,\bдевственни+,True
293,\bдевственни+,True
294,\bдевственност+,True
295,\bдевственн+,True
296,\bстрогост+,True
297,\bчестност+,True
298,\bскромност+,True
299,\bвоздерживающ+,True
300,\bвоздержанност+,True
301,\bвертикально\b,True
302,\bпрозрачн+,True
303,\bчист+,True
304,\bдев+,True
305,\bдобродетельн+,True
306,\bизысканн+,True
307,\bприличн+,True
308,\bбезупречн+,True
309,\bневинн+,True
310,\bпервозданн+,True
311,\bцерков+,True
312,\b церкви\b,True
313,\bотвращени+,False
314,\b отвратительн+,False
315,\bразвра+,False
316,\bболезн+,False
317,\bнечист+,False
318,\bзараз+,False
319,\b зараж+,False
320,\bнеприличн+,False
321,\bгрех+,False
322,\bгрешн+,False
323,\bгрешни+,False
324,\bгрехи\b,False
325,\bсогрешивш+,False
326,\bгреш+,False
327,\bшлюх+,False
328,\bшлюх+,False
329,\bгряз+,False
330,\bнепочтительност+,False
331,\bнечестив+,False
332,\bнечестив+,False
333,\b ненормативн+,False
334,\bгруб+,False
335,\bотпор+,False
336,\bболь+,False
337,\bбеспорядочн+,False
338,\bнепристойн+,False
339,\bфальсификац+,False
340,\b фальсифицированн+,False
341,\bразвра+,False
342,\bоскверн+,False
343,\bбродяг+,False
344,\b брод+,False
345,\bпроститутка\b,False
346,\bнецеломудренн+,False
347,\bнесдержанн+,False
348,\bбессмысленн+,False
349,\bрасточитель+,False
350,\bгряз+,False
351,\bдрянн+,False
352,\bнепристойн+,False
353,\bслаб+,False
354,\bпортит+,False
355,\b испорч+,False
356,\bпятн+,False
357,\bтускне+,False
358,\b потускне+,False
359,\bунизи+,False
360,\b униж+,False
361,\bоскверн+,False
362,\bзло+,False
363,\b злю+,False
364,\b зла+,False
365,\b злу\b,False
366,\bпорок+,False
367,\b порочн+,False
368,\bэксплуата+,False
369,\bизвращен+,False
370,\bнесчаст+,False
